{
  "n_samples": 263,
  "rmse": 0.14764234475793467,
  "mae": 0.11356339345007005,
  "r2": 0.9999590921147462,
  "max_abs_error": 0.49681433675075937,
  "mape": 1.819337305489483
}