{
  "n_samples": 526,
  "rmse": 2.414995468578053,
  "mae": 1.77049565048273,
  "r2": 0.9885096071445734,
  "max_abs_error": 7.407619832512637,
  "mape": 16.332800139306816
}