{
  "n_samples": 263,
  "rmse": 0.19219340514556946,
  "mae": 0.1438271157600721,
  "r2": 0.9999592802658052,
  "max_abs_error": 0.6718867988524266,
  "mape": 0.27490959366694245
}