{
  "n_samples": 263,
  "rmse": 0.21917691247451873,
  "mae": 0.1715145918184963,
  "r2": 0.9999362651648124,
  "max_abs_error": 0.6581225248189781,
  "mape": 0.556412022786917
}