{
  "n_samples": 526,
  "rmse": 1.2225563361566638,
  "mae": 0.9246753930232724,
  "r2": 0.9995556031834759,
  "mape": 1.0479333221634064,
  "gamma_p": 1.1055437326431274,
  "P_base": 26.61229133605957
}