{
  "n_samples": 263,
  "rmse": 0.41673918698532253,
  "mae": 0.3111372756861607,
  "r2": 0.9999454718292633,
  "mape": 0.17009620903817604,
  "gamma_p": 1.0540506802745915,
  "P_base": 68.8787841796875
}