{
  "static": {
    "delta_3": 3.165647893067519e-08,
    "delta_2": -5.128583430097087e-05,
    "delta_1": 0.026055106454881433,
    "delta_0": 24.994907641015896
  },
  "dynamic": {
    "gamma_p": 1.1348122358322144,
    "P_base": 31.982053756713867,
    "f_ref": 1410.0,
    "f_min": 210.0
  },
  "mem_freq_suffix": "_imagenet_a100_mem1215"
}