{
  "n_samples": 263,
  "rmse": 0.6874766523072751,
  "mae": 0.5486828443762489,
  "r2": 0.9999019215321653,
  "mape": 0.5586139710720138,
  "gamma_p": 1.1348122358322144,
  "P_base": 31.982053756713867
}