{
  "n_samples": 263,
  "rmse": 0.7838029111133668,
  "mae": 0.5713568081765437,
  "r2": 0.9998097484025376,
  "mape": 0.3617220558481332,
  "gamma_p": 1.2281139959424527,
  "P_base": 41.17878723144531
}