{
  "n_samples": 263,
  "rmse": 0.5551719820974265,
  "mae": 0.413906092909871,
  "r2": 0.9998910359663501,
  "mape": 3.899429344906352,
  "gamma_p": 1.3354901284148368,
  "P_base": 9.008247375488281
}