{
  "n_samples": 199,
  "rmse": 3.739240594832389,
  "mae": 1.9172044954964123,
  "r2": 0.7510185308114891,
  "max_abs_error": 22.635698998694004,
  "description": "Physics formula validation: U_SM_ref = U_limit * [1 - prod(1 - u_base_i/U_limit)]"
}