{
  "kappa_ideal": 51.995022201538085,
  "kappa_a": -3.3679414801189678,
  "kappa_b": 51.995022201538085,
  "kappa_per_batch": {
    "8": 46.24604034423828,
    "16": 41.3685302734375,
    "32": 39.882511138916016,
    "64": 37.71628189086914,
    "128": 36.3997688293457
  },
  "gamma_t": 0.5819883942604065,
  "T_start": 387.45,
  "f_ref": 1950.0,
  "f_min": 210.0,
  "mem_freq_suffix": "_imagenet_mem1215",
  "batch_aware_kappa": true
}