{
  "n_samples": 263,
  "rmse": 24.989943520969458,
  "mae": 10.645121804708092,
  "r2": 0.9988374521830424,
  "mape": 1.028540108006265,
  "kappa_ideal": 51.995022201538085,
  "gamma_t": 0.5819883942604065,
  "validation_type": "GBR-Calibrated"
}