{
  "n_samples": 263,
  "rmse": 11.989127210944519,
  "mae": 5.484006066323017,
  "r2": 0.999425695061454,
  "mape": 0.6168449898208325,
  "kappa_ideal": 19.969394302368165,
  "gamma_t": 0.7007450461387634,
  "validation_type": "GBR-Calibrated"
}