{
  "n_samples": 526,
  "rmse": 72.29708864708361,
  "mae": 45.32782038281258,
  "r2": 0.9890792699364772,
  "mape": 4.297145082486675,
  "kappa_ideal": 49.40405120849609,
  "gamma_t": 0.5819883942604065,
  "validation_type": "GBR-Calibrated"
}