{
  "kappa_ideal": 19.969394302368165,
  "kappa_a": -0.01025621978073376,
  "kappa_b": 19.969394302368165,
  "kappa_per_batch": {
    "8": 19.962575912475586,
    "16": 19.759567260742188,
    "32": 20.19862937927246,
    "64": 19.883316040039062,
    "128": 19.865156173706055
  },
  "gamma_t": 0.7007450461387634,
  "T_start": 389.25,
  "f_ref": 1950.0,
  "f_min": 210.0,
  "mem_freq_suffix": "_imagenet_mem9501",
  "batch_aware_kappa": true
}