{
  "n_samples": 263,
  "rmse": 25.250371484221244,
  "mae": 9.873501012350681,
  "r2": 0.9988130953822607,
  "mape": 0.9812483309680572,
  "kappa_ideal": 51.995022201538085,
  "gamma_t": 0.5819883942604065,
  "validation_type": "GBR-Calibrated"
}