{
  "kappa_ideal": 11.173812770843506,
  "kappa_a": 0.0897726047863344,
  "kappa_b": 11.173812770843506,
  "kappa_per_batch": {
    "8": 11.328448295593262,
    "16": 11.493563652038574,
    "32": 11.5007905960083,
    "64": 11.431087493896484,
    "128": 11.670814514160156
  },
  "gamma_t": 0.4797968864440918,
  "T_start": 386.67,
  "f_ref": 1950.0,
  "f_min": 210.0,
  "mem_freq_suffix": "_imagenet_mem5001",
  "batch_aware_kappa": true
}