{
  "n_samples": 263,
  "rmse": 12.201584179887256,
  "mae": 4.969862003833329,
  "r2": 0.9985478132887305,
  "mape": 0.8250734828019715,
  "kappa_ideal": 11.173812770843506,
  "gamma_t": 0.4797968864440918,
  "validation_type": "GBR-Calibrated"
}