{
  "kappa_ideal": 49.40405120849609,
  "kappa_a": -3.232690471069076,
  "kappa_b": 49.40405120849609,
  "kappa_per_batch": {
    "8": 43.52619171142578,
    "16": 39.63867950439453,
    "32": 37.883392333984375,
    "64": 35.62371063232422,
    "128": 34.33002471923828
  },
  "gamma_t": 0.5819883942604065,
  "T_start": 387.45,
  "f_ref": 1950.0,
  "f_min": 210.0,
  "mem_freq_suffix": "_a100_mem1215",
  "batch_aware_kappa": true
}