{
  "n_samples": 270,
  "rmse": 0.18312372984698175,
  "mae": 0.13437191345829208,
  "r2": 0.9998747709872783,
  "max_abs_error": 0.750199767256122,
  "mape": 2.239583006753004
}