{
  "n_samples": 263,
  "rmse": 0.2639277323096391,
  "mae": 0.19743668529067598,
  "r2": 0.9998062981956856,
  "max_abs_error": 0.8540262717487508,
  "mape": 0.8748446565921867
}