{
  "n_samples": 263,
  "rmse": 0.4876121024708862,
  "mae": 0.34409125041972394,
  "r2": 0.9996743639795576,
  "max_abs_error": 2.1266829725044616,
  "mape": 0.8359006372851752
}