{
  "n_samples": 270,
  "rmse": 0.4186815995239409,
  "mae": 0.2986492372503095,
  "r2": 0.9998296891248146,
  "mape": 7.078162724491785,
  "gamma_p": 1.9286239969974235,
  "P_base": 8.125350952148438
}