{
  "n_samples": 270,
  "rmse": 0.5708477127570996,
  "mae": 0.44933394865084475,
  "r2": 0.9997955345101113,
  "mape": 0.9289054676788231,
  "gamma_p": 1.2424256801605225,
  "P_base": 22.36229133605957
}