{
  "n_samples": 263,
  "rmse": 0.4846867559449536,
  "mae": 0.37487295110636154,
  "r2": 0.9998764578134692,
  "mape": 0.3967186346284357,
  "gamma_p": 1.2708628022995412,
  "P_base": 40.51879119873047
}