{
  "n_samples": 263,
  "rmse": 0.4733483283245494,
  "mae": 0.3729433880852853,
  "r2": 0.9999213350829343,
  "mape": 0.28125326549885016,
  "gamma_p": 1.22937913662768,
  "P_base": 68.90879821777344
}