{
  "static": {
    "delta_3": 2.988983692163321e-08,
    "delta_2": -4.718882137027633e-05,
    "delta_1": 0.02309019551929817,
    "delta_0": 25.33298686642114
  },
  "dynamic": {
    "gamma_p": 1.2424256801605225,
    "P_base": 22.36229133605957,
    "f_ref": 1410.0,
    "f_min": 210.0
  },
  "mem_freq_suffix": "_imagenet_a100_mem1215"
}