{
  "kappa": 6.678881422992472,
  "L_alpha": 1.3113846271628702,
  "L_beta": 7.216722608835597,
  "mse": 39.872450065328586,
  "n_points": 16,
  "description": "U_limit = L(u) + (100 - L(u)) * tanh(kappa * xi) / tanh(kappa), xi = (u - u_ref) / (100 - u_ref)"
}