{
  "kappa": 5.480427452706864,
  "L_alpha": 1.3180021431967694,
  "L_beta": 10.359372937527956,
  "mse": 34.499224223170366,
  "n_points": 16,
  "description": "U_limit = L(u) + (100 - L(u)) * tanh(kappa * xi) / tanh(kappa), xi = (u - u_ref) / (100 - u_ref)"
}