{
  "L_alpha": 1.3180021431967694,
  "L_beta": 10.359372937527956,
  "description": "Linear Anchor Locus: L(u) = alpha * u + beta"
}