{
  "n_samples": 199,
  "rmse": 8.94269328115222,
  "mae": 6.5406644875180975,
  "r2": 0.5398935362477078,
  "max_abs_error": 30.784728493698637,
  "description": "Physics formula validation: U_SM_ref = U_limit * [1 - prod(1 - u_base_i/U_limit)]"
}