{
  "n_samples": 270,
  "rmse": 160.67780021079645,
  "mae": 68.05321183258715,
  "r2": 0.9969099823049944,
  "mape": 1.5989536691055954,
  "kappa_ideal": 311.52437896728514,
  "gamma_t": 0.48853495717048645,
  "validation_type": "GBR-Calibrated"
}