{
  "kappa_ideal": 74.5162223815918,
  "kappa_a": -3.794690149285977,
  "kappa_b": 74.5162223815918,
  "kappa_per_batch": {
    "8": 67.41620635986328,
    "16": 65.07306671142578,
    "32": 58.89211654663086,
    "64": 57.282814025878906,
    "128": 58.15993881225586
  },
  "gamma_t": 0.37904980778694153,
  "T_start": 2166.72,
  "f_ref": 1950.0,
  "f_min": 210.0,
  "mem_freq_suffix": "_imagenet_mem5001",
  "batch_aware_kappa": true
}