{
  "kappa_ideal": 116.78536682128906,
  "kappa_a": -2.7346265127924516,
  "kappa_b": 116.78536682128906,
  "kappa_per_batch": {
    "8": 112.1050796508789,
    "16": 107.64742279052734,
    "32": 107.395751953125,
    "64": 105.87963104248047,
    "128": 103.51148223876953
  },
  "gamma_t": 0.5447210073471069,
  "T_start": 2211.26,
  "f_ref": 1950.0,
  "f_min": 210.0,
  "mem_freq_suffix": "_imagenet_mem9501",
  "batch_aware_kappa": true
}