{
  "n_samples": 263,
  "rmse": 68.87396592341022,
  "mae": 28.96227687738151,
  "r2": 0.9978708702161753,
  "mape": 0.9569753175497236,
  "kappa_ideal": 74.5162223815918,
  "gamma_t": 0.37904980778694153,
  "validation_type": "GBR-Calibrated"
}