{
  "n_samples": 270,
  "rmse": 174.52858837181327,
  "mae": 68.03654617065878,
  "r2": 0.9963542879488104,
  "mape": 1.5005398194787194,
  "kappa_ideal": 311.52437896728514,
  "gamma_t": 0.48853495717048645,
  "validation_type": "GBR-Calibrated"
}