{
  "n_samples": 263,
  "rmse": 128.50730213554374,
  "mae": 30.804441128438917,
  "r2": 0.9950082718102778,
  "mape": 0.9908104775371027,
  "kappa_ideal": 116.78536682128906,
  "gamma_t": 0.5447210073471069,
  "validation_type": "GBR-Calibrated"
}