{
  "n_samples": 263,
  "rmse": 0.1753798082855883,
  "mae": 0.1337506742234609,
  "r2": 0.9999375769837521,
  "max_abs_error": 0.5960183677110642,
  "mape": 0.6554578540394994
}