{
  "n_samples": 263,
  "rmse": 0.21926298606970168,
  "mae": 0.1676247864824035,
  "r2": 0.999926892775123,
  "max_abs_error": 0.7498514758357828,
  "mape": 0.4491051891805668
}