{
  "n_samples": 263,
  "rmse": 0.3027855115090336,
  "mae": 0.21551721396453505,
  "r2": 0.9998786118375232,
  "max_abs_error": 0.8557969259901341,
  "mape": 0.3371973416741129
}