{
  "n_samples": 526,
  "rmse": 4.8783198842944175,
  "mae": 3.7132527702796643,
  "r2": 0.9547029449318171,
  "max_abs_error": 14.075075551329363,
  "mape": 11.194030112980748
}