{
  "n_samples": 263,
  "rmse": 0.6433944578799771,
  "mae": 0.462393106005845,
  "r2": 0.999845700232448,
  "mape": 0.29440540945486154,
  "gamma_p": 1.239594608299515,
  "P_base": 39.238792419433594
}