{
  "n_samples": 526,
  "rmse": 1.600973690275285,
  "mae": 1.2268359299106304,
  "r2": 0.9992114711554552,
  "mape": 1.17068987443685,
  "gamma_p": 1.1664154529571533,
  "P_base": 35.15229034423828
}