{
  "n_samples": 263,
  "rmse": 0.7543630911488012,
  "mae": 0.5843995681685977,
  "r2": 0.9997966843733133,
  "mape": 6.657050792175241,
  "gamma_p": 1.2321162900497025,
  "P_base": 9.972900390625
}