{
  "n_samples": 263,
  "rmse": 0.8639209968840276,
  "mae": 0.6936153557016304,
  "r2": 0.999827840871678,
  "mape": 0.6452398458534377,
  "gamma_p": 1.1315778493881226,
  "P_base": 40.012054443359375
}