{
  "n_samples": 263,
  "rmse": 0.5875443045018819,
  "mae": 0.45707039170024705,
  "r2": 0.9998800667296807,
  "mape": 0.24444362417108115,
  "gamma_p": 1.0831213933388721,
  "P_base": 65.86878967285156
}