{
  "kappa": 4.227316986353,
  "L_alpha": 0.23282701196502462,
  "L_beta": 71.14404793860642,
  "mse": 3.0897737866563086,
  "n_points": 16,
  "description": "U_limit = L(u) + (100 - L(u)) * tanh(kappa * xi) / tanh(kappa), xi = (u - u_ref) / (100 - u_ref)"
}