{
  "L_alpha": 0.31307792802128415,
  "L_beta": 68.68731944667424,
  "description": "Linear Anchor Locus: L(u) = alpha * u + beta"
}