{
  "kappa_ideal": 20.125010108947755,
  "kappa_a": 0.42214586308543645,
  "kappa_b": 20.125010108947755,
  "kappa_per_batch": {
    "8": 21.1210994720459,
    "16": 21.020509719848633,
    "32": 21.704753875732422,
    "64": 21.999034881591797,
    "128": 22.09488296508789
  },
  "gamma_t": 0.4799642562866211,
  "T_start": 721.73,
  "f_ref": 1950.0,
  "f_min": 210.0,
  "mem_freq_suffix": "_imagenet_mem5001",
  "batch_aware_kappa": true
}