{
  "n_samples": 263,
  "rmse": 24.823693311687258,
  "mae": 10.203149278364249,
  "r2": 0.9977667669177903,
  "mape": 0.7257647779041078,
  "kappa_ideal": 20.125010108947755,
  "gamma_t": 0.4799642562866211,
  "validation_type": "GBR-Calibrated"
}