{
  "n_samples": 263,
  "rmse": 64.12300118145673,
  "mae": 24.845178002472036,
  "r2": 0.9980095586836426,
  "mape": 0.907424980043791,
  "kappa_ideal": 94.12562866210938,
  "gamma_t": 0.5601431727409363,
  "validation_type": "GBR-Calibrated"
}