{
  "kappa_ideal": 87.39855880737306,
  "kappa_a": -4.440719725197722,
  "kappa_b": 87.39855880737306,
  "kappa_per_batch": {
    "8": 80.08177185058594,
    "16": 73.3283920288086,
    "32": 71.24393463134766,
    "64": 68.06256103515625,
    "128": 67.32432556152344
  },
  "gamma_t": 0.5601431727409363,
  "T_start": 1085.04,
  "f_ref": 1950.0,
  "f_min": 210.0,
  "mem_freq_suffix": "_a100_mem1215",
  "batch_aware_kappa": true
}