{
  "n_samples": 526,
  "rmse": 169.15997318018577,
  "mae": 106.74804009863576,
  "r2": 0.9848890638187385,
  "mape": 4.501803660526706,
  "kappa_ideal": 87.39855880737306,
  "gamma_t": 0.5601431727409363,
  "validation_type": "GBR-Calibrated"
}