{
  "kappa_ideal": 94.12562866210938,
  "kappa_a": -4.479731444202716,
  "kappa_b": 94.12562866210938,
  "kappa_per_batch": {
    "8": 86.50206756591797,
    "16": 79.9544448852539,
    "32": 77.7060775756836,
    "64": 75.76799774169922,
    "128": 73.0697250366211
  },
  "gamma_t": 0.5601431727409363,
  "T_start": 1085.04,
  "f_ref": 1950.0,
  "f_min": 210.0,
  "mem_freq_suffix": "_imagenet_mem1215",
  "batch_aware_kappa": true
}