{
  "kappa_ideal": 31.599758529663085,
  "kappa_a": 2.02096125098283,
  "kappa_b": 31.599758529663085,
  "kappa_per_batch": {
    "8": 35.56632614135742,
    "16": 37.10262680053711,
    "32": 39.10655975341797,
    "64": 40.244224548339844,
    "128": 40.9996452331543
  },
  "gamma_t": 0.7095575332641602,
  "T_start": 715.47,
  "f_ref": 1950.0,
  "f_min": 210.0,
  "mem_freq_suffix": "_imagenet_mem9501",
  "batch_aware_kappa": true
}