{
  "n_samples": 263,
  "rmse": 71.62975237518877,
  "mae": 30.340129618593682,
  "r2": 0.9975162459047101,
  "mape": 1.2877290422813465,
  "kappa_ideal": 94.12562866210938,
  "gamma_t": 0.5601431727409363,
  "validation_type": "GBR-Calibrated"
}