{
  "n_samples": 263,
  "rmse": 29.82445970467699,
  "mae": 12.340608561834703,
  "r2": 0.9987848808730629,
  "mape": 0.7424947780887803,
  "kappa_ideal": 31.599758529663085,
  "gamma_t": 0.7095575332641602,
  "validation_type": "GBR-Calibrated"
}