{
  "n_samples": 263,
  "rmse": 0.16518126354668486,
  "mae": 0.11977034900731495,
  "r2": 0.9999235577286416,
  "max_abs_error": 0.5765589478505504,
  "mape": 0.891958975190349
}