{
  "n_samples": 263,
  "rmse": 0.4282476248388981,
  "mae": 0.29392130544358697,
  "r2": 0.9997520778006819,
  "max_abs_error": 1.9001201439586168,
  "mape": 0.5690717597921686
}