{
  "n_samples": 263,
  "rmse": 0.1651812635466851,
  "mae": 0.11977034900731509,
  "r2": 0.9999235577286416,
  "max_abs_error": 0.5765589478505504,
  "mape": 0.8919589751903468
}