{
  "n_samples": 298,
  "rmse": 2.760523996695339,
  "mae": 1.201166853459903,
  "r2": 0.9855477847890219,
  "max_abs_error": 14.004476184973967,
  "mape": 2.454597215333292
}