{
  "n_samples": 526,
  "rmse": 6.220140081036641,
  "mae": 4.352391811798707,
  "r2": 0.9054560161265877,
  "max_abs_error": 19.12753159973925,
  "mape": 16.985558524737172
}