{
  "n_samples": 263,
  "rmse": 0.37478696254308624,
  "mae": 0.2998460019265523,
  "r2": 0.9999302904036839,
  "mape": 0.28758536484106695,
  "gamma_p": 1.1903755582951745,
  "P_base": 45.19879150390625
}