{
  "n_samples": 263,
  "rmse": 0.6118318957854799,
  "mae": 0.4836581709399051,
  "r2": 0.9998656126478919,
  "mape": 0.727909503818893,
  "gamma_p": 1.2385543584823608,
  "P_base": 30.59205436706543
}