{
  "n_samples": 298,
  "rmse": 0.7187793200065518,
  "mae": 0.5638887380490872,
  "r2": 0.9998356051383981,
  "mape": 0.38834900658808263,
  "gamma_p": 1.1035210834537383,
  "P_base": 72.30879211425781
}