{
  "n_samples": 526,
  "rmse": 1.7019142372307479,
  "mae": 1.2876126403993122,
  "r2": 0.9989333887681676,
  "mape": 1.807843977079966,
  "gamma_p": 1.1789122819900513,
  "P_base": 26.312288284301758
}