{
  "n_samples": 263,
  "rmse": 0.3318312422569418,
  "mae": 0.23723874936517322,
  "r2": 0.9999215753035016,
  "mape": 4.279086944822432,
  "gamma_p": 1.9232347888992547,
  "P_base": 8.708015441894531
}