{
  "kappa": 5.6143871275867845,
  "L_alpha": 1.117886614378032,
  "L_beta": 17.343241172809506,
  "mse": 18.23951130625354,
  "n_points": 16,
  "description": "U_limit = L(u) + (100 - L(u)) * tanh(kappa * xi) / tanh(kappa), xi = (u - u_ref) / (100 - u_ref)"
}