{
  "kappa": 6.859068817710604,
  "L_alpha": 1.0359079644672646,
  "L_beta": 14.31915186432869,
  "mse": 20.173168047946653,
  "n_points": 16,
  "description": "U_limit = L(u) + (100 - L(u)) * tanh(kappa * xi) / tanh(kappa), xi = (u - u_ref) / (100 - u_ref)"
}