{
  "L_alpha": 1.0359079644672644,
  "L_beta": 14.319151864328692,
  "description": "Linear Anchor Locus: L(u) = alpha * u + beta"
}