{
  "L_alpha": 1.0359079644672646,
  "L_beta": 14.31915186432869,
  "description": "Linear Anchor Locus: L(u) = alpha * u + beta"
}