{
  "n_samples": 398,
  "rmse": 19.614186247036677,
  "mae": 15.19629114992995,
  "r2": -1.4011942060091784,
  "max_abs_error": 53.89009409374614,
  "description": "Physics formula validation: U_SM_ref = U_limit * [1 - prod(1 - u_base_i/U_limit)]"
}