{
  "kappa_ideal": 224.5059051513672,
  "kappa_a": -13.874364923394849,
  "kappa_b": 224.5059051513672,
  "kappa_per_batch": {
    "8": 201.37628173828125,
    "16": 178.3912353515625,
    "32": 175.27293395996094,
    "64": 169.1552734375,
    "128": 157.9093780517578
  },
  "gamma_t": 0.4868462085723877,
  "T_start": 2162.78,
  "f_ref": 1950.0,
  "f_min": 210.0,
  "mem_freq_suffix": "_imagenet_a100_mem1215",
  "batch_aware_kappa": true
}