{
  "kappa_ideal": 241.83736114501954,
  "kappa_a": -18.98804037866788,
  "kappa_b": 241.83736114501954,
  "kappa_per_batch": {
    "8": 208.4424285888672,
    "16": 183.23219299316406,
    "32": 173.13865661621094,
    "64": 162.16973876953125,
    "128": 153.16612243652344
  },
  "gamma_t": 0.4868462085723877,
  "T_start": 2162.78,
  "f_ref": 1950.0,
  "f_min": 210.0,
  "mem_freq_suffix": "_a100_mem1215",
  "batch_aware_kappa": true
}