{
  "kappa_ideal": 90.48734283447266,
  "kappa_a": -0.9934884644139284,
  "kappa_b": 90.48734283447266,
  "kappa_per_batch": {
    "8": 88.69734954833984,
    "16": 86.95189666748047,
    "32": 87.84349822998047,
    "64": 85.9959945678711,
    "128": 85.73213195800781
  },
  "gamma_t": 0.443143755197525,
  "T_start": 2133.96,
  "f_ref": 1950.0,
  "f_min": 210.0,
  "mem_freq_suffix": "_imagenet_mem9501",
  "batch_aware_kappa": true
}