{
  "kappa_ideal": 54.229235076904295,
  "kappa_a": -1.5232115394058616,
  "kappa_b": 54.229235076904295,
  "kappa_per_batch": {
    "8": 51.43587112426758,
    "16": 50.33429718017578,
    "32": 48.19654846191406,
    "64": 46.92048645019531,
    "128": 47.86372756958008
  },
  "gamma_t": 0.18579454720020294,
  "T_start": 2160.67,
  "f_ref": 1950.0,
  "f_min": 210.0,
  "mem_freq_suffix": "_imagenet_mem5001",
  "batch_aware_kappa": true
}