{
  "n_samples": 263,
  "rmse": 119.98635928724993,
  "mae": 45.12272679056351,
  "r2": 0.9980097480899606,
  "mape": 1.2257303810422162,
  "kappa_ideal": 224.5059051513672,
  "gamma_t": 0.4868462085723877,
  "validation_type": "GBR-Calibrated"
}