{
  "n_samples": 263,
  "rmse": 145.38476546748666,
  "mae": 53.82628191662585,
  "r2": 0.9970779873075584,
  "mape": 1.276135705904849,
  "kappa_ideal": 224.5059051513672,
  "gamma_t": 0.4868462085723877,
  "validation_type": "GBR-Calibrated"
}