{
  "n_samples": 263,
  "rmse": 45.111314577327676,
  "mae": 17.9175638751677,
  "r2": 0.9986987222667794,
  "mape": 0.7025998295303048,
  "kappa_ideal": 54.229235076904295,
  "gamma_t": 0.18579454720020294,
  "validation_type": "GBR-Calibrated"
}