{
  "n_samples": 526,
  "rmse": 106.01524487174008,
  "mae": 64.42422205020667,
  "r2": 0.9985756903641948,
  "mape": 1.9767237052226045,
  "kappa_ideal": 241.83736114501954,
  "gamma_t": 0.4868462085723877,
  "validation_type": "GBR-Calibrated"
}