{
  "n_samples": 298,
  "rmse": 51.20580467169501,
  "mae": 22.584287517120874,
  "r2": 0.9992266094376899,
  "mape": 0.7262390769812374,
  "kappa_ideal": 90.48734283447266,
  "gamma_t": 0.443143755197525,
  "validation_type": "GBR-Calibrated"
}