{
  "n_samples": 246,
  "rmse": 0.3278002162059715,
  "mae": 0.23578374441017316,
  "r2": 0.9998595964299649,
  "max_abs_error": 1.216104135547404,
  "mape": 0.5776050517797118
}