{
  "n_samples": 526,
  "rmse": 4.405104560886608,
  "mae": 3.8107335823312094,
  "r2": 0.9336582429788923,
  "max_abs_error": 8.839982417275735,
  "mape": 12.118199075170951
}