{
  "n_samples": 263,
  "rmse": 0.08978285230068815,
  "mae": 0.06276198445569225,
  "r2": 0.9999648428743804,
  "max_abs_error": 0.40840120894839416,
  "mape": 0.255083499705145
}