{
  "n_samples": 263,
  "rmse": 0.0897828523006883,
  "mae": 0.06276198445569245,
  "r2": 0.9999648428743804,
  "max_abs_error": 0.4084012089483906,
  "mape": 0.2550834997051465
}