{
  "n_samples": 247,
  "rmse": 0.23352338071734344,
  "mae": 0.1753616739372333,
  "r2": 0.9998092128176215,
  "max_abs_error": 0.6927669488589814,
  "mape": 0.7755298445471209
}