{
  "n_samples": 263,
  "rmse": 1.0666289476592319,
  "mae": 0.7306093012238932,
  "r2": 0.999745124375854,
  "mape": 0.41582309493268077,
  "gamma_p": 1.1789017915725708,
  "P_base": 38.80205535888672
}