{
  "n_samples": 263,
  "rmse": 0.5228430896621141,
  "mae": 0.39204619879171104,
  "r2": 0.9999041388207631,
  "mape": 1.1358598579827595,
  "gamma_p": 1.0,
  "P_base": 16.082901000976562
}