{
  "n_samples": 250,
  "rmse": 0.9749206608749754,
  "mae": 0.6921669518109703,
  "r2": 0.9997237862303058,
  "mape": 0.6024306280729478,
  "gamma_p": 1.3282062355723352,
  "P_base": 54.608787536621094
}