{
  "n_samples": 526,
  "rmse": 1.265558330673602,
  "mae": 0.962360253398384,
  "r2": 0.9994700459072762,
  "mape": 0.6500975435464488,
  "gamma_p": 1.14582097530365,
  "P_base": 36.572288513183594
}