{
  "static": {
    "delta_3": 3.165647893067519e-08,
    "delta_2": -5.128583430097087e-05,
    "delta_1": 0.026055106454881433,
    "delta_0": 24.994907641015896
  },
  "dynamic": {
    "gamma_p": 1.1789017915725708,
    "P_base": 38.80205535888672,
    "f_ref": 1289.6,
    "f_min": 210.0
  },
  "mem_freq_suffix": "_imagenet_a100_mem1215"
}