{
  "n_samples": 248,
  "rmse": 0.7627265987370833,
  "mae": 0.5881670745299691,
  "r2": 0.9998520969393985,
  "mape": 0.5568808208205278,
  "gamma_p": 1.4765555377074253,
  "P_base": 27.0087890625
}