{
  "kappa": 17.666028839697297,
  "L_alpha": -4.0872970166575,
  "L_beta": 440.38768749509137,
  "mse": 165.96976615436196,
  "n_points": 12,
  "description": "U_limit = L(u) + (100 - L(u)) * tanh(kappa * xi) / tanh(kappa), xi = (u - u_ref) / (100 - u_ref)"
}