{
  "kappa": 7.707242511834755,
  "L_alpha": 0.3547819674775525,
  "L_beta": 65.94057317550897,
  "mse": 2.053997751633055,
  "n_points": 16,
  "description": "U_limit = L(u) + (100 - L(u)) * tanh(kappa * xi) / tanh(kappa), xi = (u - u_ref) / (100 - u_ref)"
}