{
  "L_alpha": 0.35478196747755275,
  "L_beta": 65.94057317550896,
  "description": "Linear Anchor Locus: L(u) = alpha * u + beta"
}