{
  "L_alpha": -1.047391933422751,
  "L_beta": 166.30931278845043,
  "description": "Linear Anchor Locus: L(u) = alpha * u + beta"
}