{
  "n_samples": 199,
  "rmse": 2.1634220983505936,
  "mae": 0.8974360242760888,
  "r2": 0.09048966323627228,
  "max_abs_error": 13.250867482610943,
  "description": "Physics formula validation: U_SM_ref = U_limit * [1 - prod(1 - u_base_i/U_limit)]"
}