{
  "n_samples": 398,
  "rmse": 11.242684659325583,
  "mae": 9.755527971293409,
  "r2": -43.50797756855591,
  "max_abs_error": 26.304728356591056,
  "description": "Physics formula validation: U_SM_ref = U_limit * [1 - prod(1 - u_base_i/U_limit)]"
}