{
  "n_samples": 250,
  "rmse": 13.549745274906888,
  "mae": 5.264657897276252,
  "r2": 0.9983280842448025,
  "mape": 1.3521767203618744,
  "kappa_ideal": 10.887600898742672,
  "gamma_t": 0.8931413888931274,
  "validation_type": "GBR-Calibrated"
}