{
  "n_samples": 526,
  "rmse": 34.812974974385874,
  "mae": 21.178408121342372,
  "r2": 0.997228788482385,
  "mape": 2.0106008540942564,
  "kappa_ideal": 32.89505958557129,
  "gamma_t": 0.5670729279518127,
  "validation_type": "GBR-Calibrated"
}