{
  "n_samples": 263,
  "rmse": 26.232965408354474,
  "mae": 10.870039419199271,
  "r2": 0.9985512671268698,
  "mape": 0.811859716537243,
  "kappa_ideal": 37.36630096435547,
  "gamma_t": 0.5670729279518127,
  "validation_type": "GBR-Calibrated"
}