{
  "n_samples": 248,
  "rmse": 12.05305357021007,
  "mae": 4.992721913261402,
  "r2": 0.9980116789485958,
  "mape": 1.5573697048704789,
  "kappa_ideal": 5.3003997802734375,
  "gamma_t": 0.8378344774246216,
  "validation_type": "GBR-Calibrated"
}