{
  "kappa_ideal": 5.3003997802734375,
  "kappa_a": 2.195355236196856,
  "kappa_b": 5.3003997802734375,
  "kappa_per_batch": {
    "8": 11.04040241241455,
    "16": 10.435970306396484,
    "32": 12.049749374389648,
    "64": 14.303150177001953,
    "128": 16.715333938598633
  },
  "gamma_t": 0.8378344774246216,
  "T_start": 198.31,
  "f_ref": 1950.0,
  "f_min": 210.0,
  "mem_freq_suffix": "_imagenet_mem5001",
  "batch_aware_kappa": true
}