{
  "kappa_ideal": 32.89505958557129,
  "kappa_a": 3.1814341376671313,
  "kappa_b": 32.89505958557129,
  "kappa_per_batch": {
    "8": 39.07090759277344,
    "16": 41.07713317871094,
    "32": 45.490413665771484,
    "64": 46.66282272338867,
    "128": 47.304073333740234
  },
  "gamma_t": 0.5670729279518127,
  "T_start": 535.6,
  "f_ref": 1950.0,
  "f_min": 210.0,
  "mem_freq_suffix": "_a100_mem1215",
  "batch_aware_kappa": true
}