{
  "kappa_ideal": 10.887600898742672,
  "kappa_a": 4.004524117811879,
  "kappa_b": 10.887600898742672,
  "kappa_per_batch": {
    "8": 18.63375473022461,
    "16": 21.944578170776367,
    "32": 25.714542388916016,
    "64": 28.107154846191406,
    "128": 29.431089401245117
  },
  "gamma_t": 0.8931413888931274,
  "T_start": 197.49,
  "f_ref": 1950.0,
  "f_min": 210.0,
  "mem_freq_suffix": "_imagenet_mem9501",
  "batch_aware_kappa": true
}