{
  "n_samples": 263,
  "rmse": 21.69882346489857,
  "mae": 8.682876589920204,
  "r2": 0.9990087894525282,
  "mape": 0.6876227639260438,
  "kappa_ideal": 37.36630096435547,
  "gamma_t": 0.5670729279518127,
  "validation_type": "GBR-Calibrated"
}