{
  "kappa_ideal": 37.36630096435547,
  "kappa_a": 4.659166860051073,
  "kappa_b": 37.36630096435547,
  "kappa_per_batch": {
    "8": 47.38506317138672,
    "16": 48.473331451416016,
    "32": 55.11310577392578,
    "64": 57.65608596801758,
    "128": 58.94112777709961
  },
  "gamma_t": 0.5670729279518127,
  "T_start": 535.6,
  "f_ref": 1950.0,
  "f_min": 210.0,
  "mem_freq_suffix": "_imagenet_mem1215",
  "batch_aware_kappa": true
}