{
  "n_samples": 533,
  "rmse": 5.912501283646347,
  "mae": 3.9568570401750356,
  "r2": 0.8989845316769572,
  "max_abs_error": 16.842644532960527,
  "mape": 26.29390483259207
}