{
  "n_samples": 258,
  "rmse": 0.2275666169992622,
  "mae": 0.16272450427679278,
  "r2": 0.9999377718741362,
  "max_abs_error": 0.773235162387266,
  "mape": 0.2723353333892361
}