{
  "n_samples": 258,
  "rmse": 0.18105234115346816,
  "mae": 0.13460292234711593,
  "r2": 0.9999400598381851,
  "max_abs_error": 0.6981886724759363,
  "mape": 0.35454522092684176
}