{
  "n_samples": 261,
  "rmse": 0.1077128374024197,
  "mae": 0.08478967546116008,
  "r2": 0.9999618664712864,
  "max_abs_error": 0.33996135186370235,
  "mape": 0.554224513574888
}