{
  "n_samples": 533,
  "rmse": 1.9131753201885464,
  "mae": 1.4289519928554897,
  "r2": 0.9985508886503037,
  "mape": 2.1888390950598318,
  "gamma_p": 1.2424256801605225,
  "P_base": 22.36229133605957
}