{
  "n_samples": 270,
  "rmse": 0.8166095538715459,
  "mae": 0.627116880443505,
  "r2": 0.9997306648898389,
  "mape": 1.0003477728554002,
  "gamma_p": 1.2574211359024048,
  "P_base": 25.232053756713867
}