{
  "n_samples": 261,
  "rmse": 0.4958438706534571,
  "mae": 0.3768097658530272,
  "r2": 0.9999160472063208,
  "mape": 2.8375316696167503,
  "gamma_p": 1.4096874052832855,
  "P_base": 16.248252868652344
}