{
  "n_samples": 263,
  "rmse": 0.5650403326463445,
  "mae": 0.4240944786591537,
  "r2": 0.9999035783906578,
  "mape": 0.33729868471821817,
  "gamma_p": 1.0437178700168588,
  "P_base": 65.40879821777344
}