{
  "n_samples": 263,
  "rmse": 0.5683834472626182,
  "mae": 0.4299411366357938,
  "r2": 0.9999219876864346,
  "mape": 0.40586268194945824,
  "gamma_p": 1.277509010750322,
  "P_base": 40.33879089355469
}