{
  "L_alpha": -0.6526659711948322,
  "L_beta": 113.84459260618686,
  "description": "Linear Anchor Locus: L(u) = alpha * u + beta"
}