{
  "n_samples": 179,
  "rmse": 2.425570122246754,
  "mae": 1.2121761941727338,
  "r2": 0.8362071182951065,
  "max_abs_error": 11.24133752858539,
  "description": "Physics formula validation: U_SM_ref = U_limit * [1 - prod(1 - u_base_i/U_limit)]"
}