{
  "n_samples": 263,
  "rmse": 8.021223335327289,
  "mae": 3.407751608160735,
  "r2": 0.9994404200696156,
  "mape": 1.182841547691203,
  "kappa_ideal": 14.76188907623291,
  "gamma_t": 0.794090986251831,
  "validation_type": "GBR-Calibrated"
}