{
  "kappa_ideal": 14.76188907623291,
  "kappa_a": 0.048005723714516814,
  "kappa_b": 14.76188907623291,
  "kappa_per_batch": {
    "8": 14.941741943359375,
    "16": 14.832109451293945,
    "32": 14.898444175720215,
    "64": 14.889707565307617,
    "128": 15.079318046569824
  },
  "gamma_t": 0.794090986251831,
  "T_start": 233.0,
  "f_ref": 1950.0,
  "f_min": 210.0,
  "mem_freq_suffix": "_imagenet_mem9501",
  "batch_aware_kappa": true
}