{
  "kappa_ideal": 35.04552707672119,
  "kappa_a": -1.707374689533378,
  "kappa_b": 35.04552707672119,
  "kappa_per_batch": {
    "8": 32.388484954833984,
    "16": 29.59734344482422,
    "32": 28.63457679748535,
    "64": 27.50166893005371,
    "128": 27.519012451171875
  },
  "gamma_t": 0.6429900527000427,
  "T_start": 284.23,
  "f_ref": 1950.0,
  "f_min": 210.0,
  "mem_freq_suffix": "_imagenet_mem1215",
  "batch_aware_kappa": true
}