{
  "n_samples": 533,
  "rmse": 185.46620731293842,
  "mae": 119.4287677747161,
  "r2": 0.9963475473832673,
  "mape": 3.2276795124247353,
  "kappa_ideal": 332.8275863647461,
  "gamma_t": 0.48853495717048645,
  "validation_type": "GBR-Calibrated"
}