{
  "kappa_ideal": 332.8275863647461,
  "kappa_a": -31.77228735336562,
  "kappa_b": 332.8275863647461,
  "kappa_per_batch": {
    "8": 277.8345642089844,
    "16": 233.9691162109375,
    "32": 218.19309997558594,
    "64": 197.7292022705078,
    "128": 185.8401641845703
  },
  "gamma_t": 0.48853495717048645,
  "T_start": 2256.15,
  "f_ref": 1950.0,
  "f_min": 210.0,
  "mem_freq_suffix": "_a100_mem1215",
  "batch_aware_kappa": true
}