{
  "n_samples": 270,
  "rmse": 194.8300515542465,
  "mae": 75.49014138848818,
  "r2": 0.9954568078770356,
  "mape": 1.5716752536121326,
  "kappa_ideal": 311.52437896728514,
  "gamma_t": 0.48853495717048645,
  "validation_type": "GBR-Calibrated"
}