{
  "n_samples": 263,
  "rmse": 8.36061545169609,
  "mae": 3.526064438434991,
  "r2": 0.9988364444677882,
  "mape": 1.1880265726754484,
  "kappa_ideal": 8.610024070739746,
  "gamma_t": 0.5908299088478088,
  "validation_type": "GBR-Calibrated"
}