{
  "kappa_ideal": 8.610024070739746,
  "kappa_a": -0.04985020324849026,
  "kappa_b": 8.610024070739746,
  "kappa_per_batch": {
    "8": 8.533437728881836,
    "16": 8.46700382232666,
    "32": 8.406582832336426,
    "64": 8.370171546936035,
    "128": 8.409086227416992
  },
  "gamma_t": 0.5908299088478088,
  "T_start": 228.44,
  "f_ref": 1950.0,
  "f_min": 210.0,
  "mem_freq_suffix": "_imagenet_mem5001",
  "batch_aware_kappa": true
}