{
  "n_samples": 261,
  "rmse": 17.51772630371485,
  "mae": 6.845833359790357,
  "r2": 0.998361887796679,
  "mape": 1.534482010918566,
  "kappa_ideal": 35.04552707672119,
  "gamma_t": 0.6429900527000427,
  "validation_type": "GBR-Calibrated"
}