{
  "kappa_ideal": 311.52437896728514,
  "kappa_a": -23.93508693420639,
  "kappa_b": 311.52437896728514,
  "kappa_per_batch": {
    "8": 271.05889892578125,
    "16": 232.0247344970703,
    "32": 227.32286071777344,
    "64": 216.666748046875,
    "128": 195.7852020263672
  },
  "gamma_t": 0.48853495717048645,
  "T_start": 2256.15,
  "f_ref": 1950.0,
  "f_min": 210.0,
  "mem_freq_suffix": "_imagenet_a100_mem1215",
  "batch_aware_kappa": true
}