{
  "n_samples": 261,
  "rmse": 0.13348835716718893,
  "mae": 0.10407425032490736,
  "r2": 0.9999576739833963,
  "max_abs_error": 0.42869817529777876,
  "mape": 1.1641502621272237
}