{
  "n_samples": 261,
  "rmse": 0.13348835716718918,
  "mae": 0.1040742503249076,
  "r2": 0.9999576739833963,
  "max_abs_error": 0.42869817529778054,
  "mape": 1.164150262127226
}