{
  "n_samples": 263,
  "rmse": 0.22638504133670104,
  "mae": 0.1717020925814251,
  "r2": 0.999914364795805,
  "max_abs_error": 0.7950663167267749,
  "mape": 0.6769199798016584
}