{
  "n_samples": 263,
  "rmse": 0.28290228541814205,
  "mae": 0.202857815831155,
  "r2": 0.9999149982817966,
  "max_abs_error": 1.1590571568836339,
  "mape": 0.4626540192612519
}