{
  "n_samples": 524,
  "rmse": 2.2763599279238753,
  "mae": 1.5824693394775136,
  "r2": 0.9861773489905801,
  "max_abs_error": 7.491319821559259,
  "mape": 8.59421409865203
}