{
  "n_samples": 261,
  "rmse": 0.7544247198292975,
  "mae": 0.6034882388541372,
  "r2": 0.9998816308321762,
  "mape": 0.6805887804347682,
  "gamma_p": 1.1261601448059082,
  "P_base": 30.622053146362305
}