{
  "n_samples": 261,
  "rmse": 0.5816513059669912,
  "mae": 0.4390022148307261,
  "r2": 0.9998823337924427,
  "mape": 4.641210621556421,
  "gamma_p": 1.358723558635445,
  "P_base": 8.01824951171875
}