{
  "n_samples": 263,
  "rmse": 0.658079587605811,
  "mae": 0.4973997557266358,
  "r2": 0.9998843186219314,
  "mape": 0.3162606305886736,
  "gamma_p": 1.3396617867666802,
  "P_base": 37.51879119873047
}