{
  "n_samples": 524,
  "rmse": 2.331392420033395,
  "mae": 1.740309063053563,
  "r2": 0.9984122549612376,
  "mape": 1.8889659747398357,
  "gamma_p": 1.138168454170227,
  "P_base": 25.812288284301758
}