{
  "static": {
    "delta_3": 2.2065892821331687e-08,
    "delta_2": -5.274768683354397e-05,
    "delta_1": 0.037471104363832226,
    "delta_0": 62.41409709734447
  },
  "dynamic": {
    "gamma_p": 1.358723558635445,
    "P_base": 8.01824951171875,
    "f_ref": 1950.0,
    "f_min": 210.0
  },
  "mem_freq_suffix": "_imagenet_mem1215"
}