{
  "static": {
    "delta_3": 2.988983692163313e-08,
    "delta_2": -4.718882137027607e-05,
    "delta_1": 0.023090195519297894,
    "delta_0": 25.33298686642122
  },
  "dynamic": {
    "gamma_p": 1.138168454170227,
    "P_base": 25.812288284301758,
    "f_ref": 1410.0,
    "f_min": 210.0
  },
  "mem_freq_suffix": "_a100_mem1215"
}