{
  "n_samples": 263,
  "rmse": 0.5619547271664547,
  "mae": 0.44715502467778917,
  "r2": 0.9999041443216593,
  "mape": 0.25443431237366704,
  "gamma_p": 1.0808820627060558,
  "P_base": 64.16879272460938
}