{
  "kappa": 5.112322455869207,
  "L_alpha": 0.6265476585133828,
  "L_beta": 39.60275900008172,
  "mse": 11.674605629999176,
  "n_points": 16,
  "description": "U_limit = L(u) + (100 - L(u)) * tanh(kappa * xi) / tanh(kappa), xi = (u - u_ref) / (100 - u_ref)"
}