{
  "L_alpha": 0.7956801815537627,
  "L_beta": 32.73341987826041,
  "description": "Linear Anchor Locus: L(u) = alpha * u + beta"
}