{
  "n_samples": 398,
  "rmse": 9.153712278638189,
  "mae": 6.689268229279857,
  "r2": -1.4095539529896888,
  "max_abs_error": 29.770583484754113,
  "description": "Physics formula validation: U_SM_ref = U_limit * [1 - prod(1 - u_base_i/U_limit)]"
}