{
  "n_samples": 179,
  "rmse": 3.075759182123685,
  "mae": 1.5824438683666222,
  "r2": 0.8114878919930769,
  "max_abs_error": 12.009584790156538,
  "description": "Physics formula validation: U_SM_ref = U_limit * [1 - prod(1 - u_base_i/U_limit)]"
}