{
  "n_samples": 199,
  "rmse": 3.5112721699732865,
  "mae": 1.972509723737157,
  "r2": 0.7568886601759317,
  "max_abs_error": 17.41029270732912,
  "description": "Physics formula validation: U_SM_ref = U_limit * [1 - prod(1 - u_base_i/U_limit)]"
}