{
  "n_samples": 263,
  "rmse": 15.673012346904319,
  "mae": 6.656053298398138,
  "r2": 0.9980644764318591,
  "mape": 1.0084104506736844,
  "kappa_ideal": 12.318002510070801,
  "gamma_t": 0.6268729567527771,
  "validation_type": "GBR-Calibrated"
}