{
  "kappa_ideal": 12.318002510070801,
  "kappa_a": 0.23677690819619082,
  "kappa_b": 12.318002510070801,
  "kappa_per_batch": {
    "8": 12.884939193725586,
    "16": 12.856986999511719,
    "32": 13.134089469909668,
    "64": 13.365978240966797,
    "128": 13.4510498046875
  },
  "gamma_t": 0.6268729567527771,
  "T_start": 334.04,
  "f_ref": 1950.0,
  "f_min": 210.0,
  "mem_freq_suffix": "_imagenet_mem5001",
  "batch_aware_kappa": true
}