{
  "kappa_ideal": 65.8136287689209,
  "kappa_a": -4.856054249792266,
  "kappa_b": 65.8136287689209,
  "kappa_per_batch": {
    "8": 56.26634979248047,
    "16": 51.32870101928711,
    "32": 49.525081634521484,
    "64": 45.396209716796875,
    "128": 42.402793884277344
  },
  "gamma_t": 0.5922824740409851,
  "T_start": 404.27,
  "f_ref": 1950.0,
  "f_min": 210.0,
  "mem_freq_suffix": "_imagenet_a100_mem1215",
  "batch_aware_kappa": true
}