{
  "kappa_ideal": 20.332021713256836,
  "kappa_a": 0.7947975958027288,
  "kappa_b": 20.332021713256836,
  "kappa_per_batch": {
    "8": 21.9034481048584,
    "16": 22.30558204650879,
    "32": 23.502368927001953,
    "64": 23.821409225463867,
    "128": 23.90009307861328
  },
  "gamma_t": 0.7549025416374207,
  "T_start": 337.71,
  "f_ref": 1950.0,
  "f_min": 210.0,
  "mem_freq_suffix": "_imagenet_mem9501",
  "batch_aware_kappa": true
}