{
  "n_samples": 524,
  "rmse": 95.88305578441192,
  "mae": 61.23428706883208,
  "r2": 0.9811898325297398,
  "mape": 6.111355941798567,
  "kappa_ideal": 60.537274551391604,
  "gamma_t": 0.5922824740409851,
  "validation_type": "GBR-Calibrated"
}