{
  "n_samples": 261,
  "rmse": 24.617088598631984,
  "mae": 10.476557434258712,
  "r2": 0.9989844526071898,
  "mape": 0.8673944677688441,
  "kappa_ideal": 65.8136287689209,
  "gamma_t": 0.5922824740409851,
  "validation_type": "GBR-Calibrated"
}