{
  "n_samples": 261,
  "rmse": 30.973580599954882,
  "mae": 12.112054937324995,
  "r2": 0.9983922828481461,
  "mape": 1.246603872304702,
  "kappa_ideal": 65.8136287689209,
  "gamma_t": 0.5922824740409851,
  "validation_type": "GBR-Calibrated"
}