{
  "n_samples": 263,
  "rmse": 21.80020144502544,
  "mae": 7.626875058751731,
  "r2": 0.998126236592039,
  "mape": 1.0013074993697288,
  "kappa_ideal": 20.332021713256836,
  "gamma_t": 0.7549025416374207,
  "validation_type": "GBR-Calibrated"
}