{
  "kappa_ideal": 60.537274551391604,
  "kappa_a": -4.399589730278579,
  "kappa_b": 60.537274551391604,
  "kappa_per_batch": {
    "8": 52.41958999633789,
    "16": 47.38702392578125,
    "32": 45.043312072753906,
    "64": 41.46416091918945,
    "128": 40.13320541381836
  },
  "gamma_t": 0.5922824740409851,
  "T_start": 404.27,
  "f_ref": 1950.0,
  "f_min": 210.0,
  "mem_freq_suffix": "_a100_mem1215",
  "batch_aware_kappa": true
}